"z_sphere_mm","phi_deg","mesh_level","Fx_B0_raw_mN","Fx_B1_raw_mN","Fx_B2_raw_mN","Fx_hold_corr_mN","DeltaFx_ball_mN","Fx_total_corr_mN","Fy_total_corr_mN","Fz_total_corr_mN","elements","DOF","min_quality","same_mesh_verified","release_candidate","status","source"
"50.0000000000","0.00000000000","LOCAL_M03","0.412478623616","0.284296381794","0.284350224554","-0.128182241822","5.38427595038e-05","-0.128128399062","-1.14469693697","0.00322785841694","872085","1163932","0.220600000000","true","MAGNETICALLY_HELD","SUCCESS","PREVIOUS_SIMULATION"
"50.0000000000","45.0000000000","LOCAL_M03","0.412478623616","0.284296381794","0.196539234764","-0.128182241822","-0.0877571470304","-0.215939388852","-0.810079494345","-2.36928295234","872085","1163932","0.220600000000","true","MAGNETICALLY_HELD","SUCCESS","PREVIOUS_SIMULATION"
"50.0000000000","90.0000000000","LOCAL_M03","0.412478623616","0.284296381794","0.162613367379","-0.128182241822","-0.121683014416","-0.249865256238","-0.00302176863961","-3.34997196829","872085","1163932","0.220600000000","true","MAGNETICALLY_HELD","SUCCESS","PREVIOUS_SIMULATION"
"50.0000000000","135.000000000","LOCAL_M03","0.412478623616","0.284296381794","0.198966290220","-0.128182241822","-0.0853300915746","-0.213512333397","0.805766584028","-2.36903966154","872085","1163932","0.220600000000","true","MAGNETICALLY_HELD","SUCCESS","PREVIOUS_SIMULATION"
"50.0000000000","180.000000000","LOCAL_M03","0.412478623616","0.284296381794","0.287758468034","-0.128182241822","0.00346208623941","-0.124720155583","1.14459675581","0.00352772785886","872085","1163932","0.220600000000","true","MAGNETICALLY_HELD","SUCCESS","PREVIOUS_SIMULATION"
"50.0000000000","225.000000000","LOCAL_M03","0.412478623616","0.284296381794","0.380456294599","-0.128182241822","0.0961599128053","-0.0320223290166","0.812932812679","2.38258719197","872085","1163932","0.220600000000","true","MAGNETICALLY_HELD","SUCCESS","PREVIOUS_SIMULATION"
"50.0000000000","270.000000000","LOCAL_M03","0.412478623616","0.284296381794","0.419303124863","-0.128182241822","0.135006743069","0.00682450124723","0.00297055486788","3.36988736443","872085","1163932","0.220600000000","true","MAGNETIC_RELEASE_CANDIDATE","SUCCESS","PREVIOUS_SIMULATION"
"50.0000000000","315.000000000","LOCAL_M03","0.412478623616","0.284296381794","0.378063365486","-0.128182241822","0.0937669836923","-0.0344152581296","-0.808771297337","2.38240640487","872085","1163932","0.220600000000","true","MAGNETICALLY_HELD","SUCCESS","PREVIOUS_SIMULATION"
"50.0000000000","360.000000000","LOCAL_M03","0.412478623616","0.284296381794","0.284350224219","-0.128182241822","5.38424252111e-05","-0.128128399397","-1.14469693693","0.00322785968077","872085","1163932","0.220600000000","true","MAGNETICALLY_HELD","SUCCESS","PREVIOUS_SIMULATION"
"60.0000000000","0.00000000000","LOCAL_M03","0.0593560504718","-0.0689219463591","-0.0692631664895","-0.128277996831","-0.000341220130463","-0.128619216961","-0.534529792160","0.000922666504462","871414","1163067","0.210300000000","true","MAGNETICALLY_HELD","SUCCESS","CURRENT_RUN"
"60.0000000000","45.0000000000","LOCAL_M03","0.0593560504718","-0.0689219463591","0.129014761069","-0.128277996831","0.197936707428","0.0696587105970","-0.377658884741","-1.22269946971","871414","1163067","0.210300000000","true","MAGNETIC_RELEASE_CANDIDATE","SUCCESS","CURRENT_RUN"
"60.0000000000","90.0000000000","LOCAL_M03","0.0593560504718","-0.0689219463591","0.212124002716","-0.128277996831","0.281045949075","0.152767952244","-0.000272787870006","-1.72859986225","871414","1163067","0.210300000000","true","MAGNETIC_RELEASE_CANDIDATE","SUCCESS","CURRENT_RUN"
"60.0000000000","135.000000000","LOCAL_M03","0.0593560504718","-0.0689219463591","0.130288153466","-0.128277996831","0.199210099825","0.0709321029939","0.377262523500","-1.22225132736","871414","1163067","0.210300000000","true","MAGNETIC_RELEASE_CANDIDATE","SUCCESS","CURRENT_RUN"
"60.0000000000","180.000000000","LOCAL_M03","0.0593560504718","-0.0689219463591","-0.0674832331520","-0.128277996831","0.00143871320706","-0.126839283624","0.534512919925","0.00152535048200","871414","1163067","0.210300000000","true","MAGNETICALLY_HELD","SUCCESS","CURRENT_RUN"
"60.0000000000","225.000000000","LOCAL_M03","0.0593560504718","-0.0689219463591","-0.264246221822","-0.128277996831","-0.195324275462","-0.323602272293","0.378661569804","1.22768079034","871414","1163067","0.210300000000","true","MAGNETICALLY_HELD","SUCCESS","CURRENT_RUN"
"60.0000000000","270.000000000","LOCAL_M03","0.0593560504718","-0.0689219463591","-0.345810946600","-0.128277996831","-0.276889000240","-0.405166997071","0.000283144184986","1.73615845379","871414","1163067","0.210300000000","true","MAGNETICALLY_HELD","SUCCESS","CURRENT_RUN"
"60.0000000000","315.000000000","LOCAL_M03","0.0593560504718","-0.0689219463591","-0.265490035713","-0.128277996831","-0.196568089354","-0.324846086184","-0.378271724276","1.22727661162","871414","1163067","0.210300000000","true","MAGNETICALLY_HELD","SUCCESS","CURRENT_RUN"
"60.0000000000","360.000000000","LOCAL_M03","0.0593560504718","-0.0689219463591","-0.0692631663818","-0.128277996831","-0.000341220022754","-0.128619216854","-0.534529792085","0.000922665826403","871414","1163067","0.210300000000","true","MAGNETICALLY_HELD","SUCCESS","CURRENT_RUN"
"80.0000000000","0.00000000000","LOCAL_M03","-0.0185818321778","-0.146607209775","-0.146224666989","-0.128025377598","0.000382542786104","-0.127642834812","-0.162559963922","0.000129935074916","872672","1164761","0.216700000000","true","MAGNETICALLY_HELD","SUCCESS","CURRENT_RUN"
"80.0000000000","45.0000000000","LOCAL_M03","-0.0185818321778","-0.146607209775","0.0239221196360","-0.128025377598","0.170529329411","0.0425039518138","-0.114956789529","-0.387872942487","872672","1164761","0.216700000000","true","MAGNETIC_RELEASE_CANDIDATE","SUCCESS","CURRENT_RUN"
"80.0000000000","90.0000000000","LOCAL_M03","-0.0185818321778","-0.146607209775","0.0942817602047","-0.128025377598","0.240888969980","0.112863592382","-0.000139841798971","-0.548377997614","872672","1164761","0.216700000000","true","MAGNETIC_RELEASE_CANDIDATE","SUCCESS","CURRENT_RUN"
"80.0000000000","135.000000000","LOCAL_M03","-0.0185818321778","-0.146607209775","0.0234958109549","-0.128025377598","0.170103020730","0.0420776431327","0.114744723900","-0.387689743016","872672","1164761","0.216700000000","true","MAGNETIC_RELEASE_CANDIDATE","SUCCESS","CURRENT_RUN"
"80.0000000000","180.000000000","LOCAL_M03","-0.0185818321778","-0.146607209775","-0.146830112521","-0.128025377598","-0.000222902745192","-0.128248280343","0.162513812017","0.000384649661450","872672","1164761","0.216700000000","true","MAGNETICALLY_HELD","SUCCESS","CURRENT_RUN"
"80.0000000000","225.000000000","LOCAL_M03","-0.0185818321778","-0.146607209775","-0.316778675986","-0.128025377598","-0.170171466211","-0.298196843808","0.115072883105","0.388842665010","872672","1164761","0.216700000000","true","MAGNETICALLY_HELD","SUCCESS","CURRENT_RUN"
"80.0000000000","270.000000000","LOCAL_M03","-0.0185818321778","-0.146607209775","-0.386936479361","-0.128025377598","-0.240329269586","-0.368354647183","9.74650550971e-05","0.549809032759","872672","1164761","0.216700000000","true","MAGNETICALLY_HELD","SUCCESS","CURRENT_RUN"
"80.0000000000","315.000000000","LOCAL_M03","-0.0185818321778","-0.146607209775","-0.316348754753","-0.128025377598","-0.169741544977","-0.297766922575","-0.114949346221","0.388665642720","872672","1164761","0.216700000000","true","MAGNETICALLY_HELD","SUCCESS","CURRENT_RUN"
"80.0000000000","360.000000000","LOCAL_M03","-0.0185818321778","-0.146607209775","-0.146224667590","-0.128025377598","0.000382542185034","-0.127642835413","-0.162559964017","0.000129935998956","872672","1164761","0.216700000000","true","MAGNETICALLY_HELD","SUCCESS","CURRENT_RUN"
"100.000000000","0.00000000000","LOCAL_M03","0.0917073285214","-0.0364442468432","-0.0362700053987","-0.128151575365","0.000174241444516","-0.127977333920","-0.0600327357549","0.000219889706058","872842","1164932","0.220600000000","true","MAGNETICALLY_HELD","SUCCESS","CURRENT_RUN"
"100.000000000","45.0000000000","LOCAL_M03","0.0917073285214","-0.0364442468432","0.0611276743354","-0.128151575365","0.0975719211786","-0.0305796541860","-0.0422027017544","-0.143961497027","872842","1164932","0.220600000000","true","MAGNETICALLY_HELD","SUCCESS","CURRENT_RUN"
"100.000000000","90.0000000000","LOCAL_M03","0.0917073285214","-0.0364442468432","0.101389080455","-0.128151575365","0.137833327298","0.00968175193381","0.000313210156849","-0.203748517412","872842","1164932","0.220600000000","true","MAGNETIC_RELEASE_CANDIDATE","SUCCESS","CURRENT_RUN"
"100.000000000","135.000000000","LOCAL_M03","0.0917073285214","-0.0364442468432","0.0609070599095","-0.128151575365","0.0973513067527","-0.0308002686119","0.0426298793165","-0.144184032743","872842","1164932","0.220600000000","true","MAGNETICALLY_HELD","SUCCESS","CURRENT_RUN"
"100.000000000","180.000000000","LOCAL_M03","0.0917073285214","-0.0364442468432","-0.0365829862032","-0.128151575365","-0.000138739359969","-0.128290314725","0.0599800424402","-9.62501661046e-05","872842","1164932","0.220600000000","true","MAGNETICALLY_HELD","SUCCESS","CURRENT_RUN"
"100.000000000","225.000000000","LOCAL_M03","0.0917073285214","-0.0364442468432","-0.133950138976","-0.128151575365","-0.0975058921329","-0.225657467498","0.0421800864623","0.144175429888","872842","1164932","0.220600000000","true","MAGNETICALLY_HELD","SUCCESS","CURRENT_RUN"
"100.000000000","270.000000000","LOCAL_M03","0.0917073285214","-0.0364442468432","-0.174179629312","-0.128151575365","-0.137735382469","-0.265886957833","-0.000364284801701","0.204054777731","872842","1164932","0.220600000000","true","MAGNETICALLY_HELD","SUCCESS","CURRENT_RUN"
"100.000000000","315.000000000","LOCAL_M03","0.0917073285214","-0.0364442468432","-0.133728133782","-0.128151575365","-0.0972838869390","-0.225435462304","-0.0427110315438","0.144399991927","872842","1164932","0.220600000000","true","MAGNETICALLY_HELD","SUCCESS","CURRENT_RUN"
"100.000000000","360.000000000","LOCAL_M03","0.0917073285214","-0.0364442468432","-0.0362700050651","-0.128151575365","0.000174241778119","-0.127977333587","-0.0600327356464","0.000219888357838","872842","1164932","0.220600000000","true","MAGNETICALLY_HELD","SUCCESS","CURRENT_RUN"
"120.000000000","0.00000000000","LOCAL_M03","0.0196974696518","-0.108446563574","-0.108407177963","-0.128144033226","3.93856113639e-05","-0.128104647615","-0.0275662597580","0.000119680589676","871685","1163440","0.212300000000","true","MAGNETICALLY_HELD","SUCCESS","CURRENT_RUN"
"120.000000000","45.0000000000","LOCAL_M03","0.0196974696518","-0.108446563574","-0.0559332138836","-0.128144033226","0.0525133496905","-0.0756306835354","-0.0194754718161","-0.0612183207712","871685","1163440","0.212300000000","true","MAGNETICALLY_HELD","SUCCESS","CURRENT_RUN"
"120.000000000","90.0000000000","LOCAL_M03","0.0196974696518","-0.108446563574","-0.0342159030595","-0.128144033226","0.0742306605146","-0.0539133727113","1.62015626543e-05","-0.0866779384952","871685","1163440","0.212300000000","true","MAGNETICALLY_HELD","SUCCESS","CURRENT_RUN"
"120.000000000","135.000000000","LOCAL_M03","0.0196974696518","-0.108446563574","-0.0559808669992","-0.128144033226","0.0524656965748","-0.0756783366510","0.0194953250631","-0.0613580283808","871685","1163440","0.212300000000","true","MAGNETICALLY_HELD","SUCCESS","CURRENT_RUN"
"120.000000000","180.000000000","LOCAL_M03","0.0196974696518","-0.108446563574","-0.108474987625","-0.128144033226","-2.84240507988e-05","-0.128172457277","0.0275566685265","-7.89327456594e-05","871685","1163440","0.212300000000","true","MAGNETICALLY_HELD","SUCCESS","CURRENT_RUN"
"120.000000000","225.000000000","LOCAL_M03","0.0196974696518","-0.108446563574","-0.160944004235","-0.128144033226","-0.0524974406611","-0.180641473887","0.0194734835807","0.0612756297979","871685","1163440","0.212300000000","true","MAGNETICALLY_HELD","SUCCESS","CURRENT_RUN"
"120.000000000","270.000000000","LOCAL_M03","0.0196974696518","-0.108446563574","-0.182655777073","-0.128144033226","-0.0742092134993","-0.202353246725","-2.45857485834e-05","0.0867532793586","871685","1163440","0.212300000000","true","MAGNETICALLY_HELD","SUCCESS","CURRENT_RUN"
"120.000000000","315.000000000","LOCAL_M03","0.0196974696518","-0.108446563574","-0.160895760020","-0.128144033226","-0.0524491964460","-0.180593229672","-0.0195113122800","0.0614168039520","871685","1163440","0.212300000000","true","MAGNETICALLY_HELD","SUCCESS","CURRENT_RUN"
"120.000000000","360.000000000","LOCAL_M03","0.0196974696518","-0.108446563574","-0.108407177715","-0.128144033226","3.93858592893e-05","-0.128104647367","-0.0275662597621","0.000119678826201","871685","1163440","0.212300000000","true","MAGNETICALLY_HELD","SUCCESS","CURRENT_RUN"
"140.000000000","0.00000000000","LOCAL_M03","0.0722860985708","-0.0558809486739","-0.0557984516802","-0.128167047245","8.24969937328e-05","-0.128084550251","-0.0139346016622","-1.39397525151e-05","872877","1165044","0.213200000000","true","MAGNETICALLY_HELD","SUCCESS","CURRENT_RUN"
"140.000000000","45.0000000000","LOCAL_M03","0.0722860985708","-0.0558809486739","-0.0279917021090","-0.128167047245","0.0278892465649","-0.100277800680","-0.00985309032358","-0.0280362791529","872877","1165044","0.213200000000","true","MAGNETICALLY_HELD","SUCCESS","CURRENT_RUN"
"140.000000000","90.0000000000","LOCAL_M03","0.0722860985708","-0.0558809486739","-0.0165207374893","-0.128167047245","0.0393602111846","-0.0888068360601","-7.51108424426e-06","-0.0396426331570","872877","1165044","0.213200000000","true","MAGNETICALLY_HELD","SUCCESS","CURRENT_RUN"
"140.000000000","135.000000000","LOCAL_M03","0.0722860985708","-0.0558809486739","-0.0281051677765","-0.128167047245","0.0277757808974","-0.100391266347","0.00983552010308","-0.0280337787752","872877","1165044","0.213200000000","true","MAGNETICALLY_HELD","SUCCESS","CURRENT_RUN"
"140.000000000","180.000000000","LOCAL_M03","0.0722860985708","-0.0558809486739","-0.0559589622595","-0.128167047245","-7.80135856315e-05","-0.128245060830","0.0139110000729","-1.05085409636e-05","872877","1165044","0.213200000000","true","MAGNETICALLY_HELD","SUCCESS","CURRENT_RUN"
"140.000000000","225.000000000","LOCAL_M03","0.0722860985708","-0.0558809486739","-0.0837656712032","-0.128167047245","-0.0278847225293","-0.156051769774","0.00983077719720","0.0280111461710","872877","1165044","0.213200000000","true","MAGNETICALLY_HELD","SUCCESS","CURRENT_RUN"
"140.000000000","270.000000000","LOCAL_M03","0.0722860985708","-0.0558809486739","-0.0952365303850","-0.128167047245","-0.0393555817111","-0.167522628956","-1.59203900063e-05","0.0396169643712","872877","1165044","0.213200000000","true","MAGNETICALLY_HELD","SUCCESS","CURRENT_RUN"
"140.000000000","315.000000000","LOCAL_M03","0.0722860985708","-0.0558809486739","-0.0836521406540","-0.128167047245","-0.0277711919801","-0.155938239225","-0.00986024000886","0.0280087942180","872877","1165044","0.213200000000","true","MAGNETICALLY_HELD","SUCCESS","CURRENT_RUN"
"140.000000000","360.000000000","LOCAL_M03","0.0722860985708","-0.0558809486739","-0.0557984517370","-0.128167047245","8.24969369137e-05","-0.128084550308","-0.0139346016860","-1.39393988878e-05","872877","1165044","0.213200000000","true","MAGNETICALLY_HELD","SUCCESS","CURRENT_RUN"
"160.000000000","0.00000000000","LOCAL_M03","0.204882238386","0.0767635355853","0.0767088981017","-0.128118702801","-5.46374836164e-05","-0.128173340285","-0.00882509859953","-2.45612560062e-05","871490","1163220","0.214700000000","true","MAGNETICALLY_HELD","SUCCESS","CURRENT_RUN"
"160.000000000","45.0000000000","LOCAL_M03","0.204882238386","0.0767635355853","0.0900545779394","-0.128118702801","0.0132910423541","-0.114827660447","-0.00630061201750","-0.0138128892482","871490","1163220","0.214700000000","true","MAGNETICALLY_HELD","SUCCESS","CURRENT_RUN"
"160.000000000","90.0000000000","LOCAL_M03","0.204882238386","0.0767635355853","0.0956150163821","-0.128118702801","0.0188514807969","-0.109267222004","-0.000110453384845","-0.0194943014311","871490","1163220","0.214700000000","true","MAGNETICALLY_HELD","SUCCESS","CURRENT_RUN"
"160.000000000","135.000000000","LOCAL_M03","0.204882238386","0.0767635355853","0.0901334429769","-0.128118702801","0.0133699073916","-0.114748795409","0.00611945713528","-0.0137377841581","871490","1163220","0.214700000000","true","MAGNETICALLY_HELD","SUCCESS","CURRENT_RUN"
"160.000000000","180.000000000","LOCAL_M03","0.204882238386","0.0767635355853","0.0768204457135","-0.128118702801","5.69101282263e-05","-0.128061792673","0.00873991111964","8.16892489848e-05","871490","1163220","0.214700000000","true","MAGNETICALLY_HELD","SUCCESS","CURRENT_RUN"
"160.000000000","225.000000000","LOCAL_M03","0.204882238386","0.0767635355853","0.0634741381883","-0.128118702801","-0.0132893973970","-0.141408100198","0.00621569144623","0.0138659421156","871490","1163220","0.214700000000","true","MAGNETICALLY_HELD","SUCCESS","CURRENT_RUN"
"160.000000000","270.000000000","LOCAL_M03","0.204882238386","0.0767635355853","0.0579130489215","-0.128118702801","-0.0188504866638","-0.146969189465","2.52632217310e-05","0.0195432330609","871490","1163220","0.214700000000","true","MAGNETICALLY_HELD","SUCCESS","CURRENT_RUN"
"160.000000000","315.000000000","LOCAL_M03","0.204882238386","0.0767635355853","0.0633952507100","-0.128118702801","-0.0133682848753","-0.141486987676","-0.00620491431416","0.0137907878917","871490","1163220","0.214700000000","true","MAGNETICALLY_HELD","SUCCESS","CURRENT_RUN"
"160.000000000","360.000000000","LOCAL_M03","0.204882238386","0.0767635355853","0.0767088976969","-0.128118702801","-5.46378883878e-05","-0.128173340689","-0.00882509854764","-2.45595201391e-05","871490","1163220","0.214700000000","true","MAGNETICALLY_HELD","SUCCESS","CURRENT_RUN"
