z_sphere_mm,mode,phi_deg,Fx_raw_mN,Fy_raw_mN,Fz_raw_mN,Fx_self_corr_mN,Fx_hold_corr_mN,Fx_total_corr_mN,DeltaFx_ball_mN,elements,DOF,min_quality,status
120.000000000,B0,0,0.209086704123,-1.29417453081,0.687474078377,0.00000000000,,,,60881,81790,0.222600000000,SUCCESS
120.000000000,B1,0,0.0842339868849,-1.29404043337,0.687474110185,0.209086704123,-0.124852717238,,,60881,81790,0.222600000000,SUCCESS
120.000000000,B2,0.00000000000,0.0567554009227,-1.30525236245,0.636499422673,0.209086704123,-0.124852717238,-0.152331303200,-0.0274785859623,60881,81790,0.222600000000,SUCCESS
120.000000000,B2,45.0000000000,0.104330777596,-1.30176829927,0.593057514308,0.209086704123,-0.124852717238,-0.104755926527,0.0200967907112,60881,81790,0.222600000000,SUCCESS
120.000000000,B2,90.0000000000,0.123876253283,-1.29364053424,0.575203434845,0.209086704123,-0.124852717238,-0.0852104508401,0.0396422663980,60881,81790,0.222600000000,SUCCESS
120.000000000,B2,135.000000000,0.103940613796,-1.28562848368,0.593389390820,0.209086704123,-0.124852717238,-0.105146090328,0.0197066269106,60881,81790,0.222600000000,SUCCESS
120.000000000,B2,180.000000000,0.0562038398136,-1.28242424499,0.636969430108,0.209086704123,-0.124852717238,-0.152882864310,-0.0280301470714,60881,81790,0.222600000000,SUCCESS
120.000000000,B2,225.000000000,0.00863122603698,-1.28590653592,0.680421426815,0.209086704123,-0.124852717238,-0.200455478086,-0.0756027608480,60881,81790,0.222600000000,SUCCESS
120.000000000,B2,270.000000000,-0.0109117888474,-1.29403673081,0.698284655740,0.209086704123,-0.124852717238,-0.219998492970,-0.0951457757324,60881,81790,0.222600000000,SUCCESS
120.000000000,B2,315.000000000,0.00902108767349,-1.30205055364,0.680088611669,0.209086704123,-0.124852717238,-0.200065616450,-0.0752128992114,60881,81790,0.222600000000,SUCCESS
120.000000000,B2,360.000000000,0.0567554007352,-1.30525236247,0.636499423291,0.209086704123,-0.124852717238,-0.152331303388,-0.0274785861498,60881,81790,0.222600000000,SUCCESS
