z_sphere_mm,alpha_deg,phi_deg,mesh_level,Fx_B0_raw_mN,Fx_B1_raw_mN,Fx_B2_raw_mN,Fx_hold_corr_mN,DeltaFx_ball_mN,Fx_total_corr_mN,Fy_total_corr_mN,Fz_total_corr_mN,elements,DOF,min_quality,same_mesh_verified,release_candidate,status
60.0,-20.0,0.0,LOCAL_M03,0.0593560504692,-0.0689219463702,0.342223238946,-0.128277996839,0.411145185316,0.282867188477,-0.502230365613,0.0999850577537,871414,1163067,0.2103,True,MAGNETIC_RELEASE_CANDIDATE,SUCCESS
60.0,-20.0,45.0,LOCAL_M03,0.0593560504692,-0.0689219463702,0.528577772588,-0.128277996839,0.597499718958,0.469221722118,-0.354891220656,-1.04931107158,871414,1163067,0.2103,True,MAGNETIC_RELEASE_CANDIDATE,SUCCESS
60.0,-20.0,90.0,LOCAL_M03,0.0593560504692,-0.0689219463702,0.606661628049,-0.128277996839,0.675583574419,0.54730557758,-0.000338274785765,-1.52452164788,871414,1163067,0.2103,True,MAGNETIC_RELEASE_CANDIDATE,SUCCESS
60.0,-20.0,135.0,LOCAL_M03,0.0593560504692,-0.0689219463702,0.529769958543,-0.128277996839,0.598691904913,0.470413908074,0.35435576558,-1.04888398017,871414,1163067,0.2103,True,MAGNETIC_RELEASE_CANDIDATE,SUCCESS
60.0,-20.0,180.0,LOCAL_M03,0.0593560504692,-0.0689219463702,0.343890775418,-0.128277996839,0.412812721788,0.284534724949,0.502052544506,0.100561609307,871414,1163067,0.2103,True,MAGNETIC_RELEASE_CANDIDATE,SUCCESS
60.0,-20.0,225.0,LOCAL_M03,0.0593560504692,-0.0689219463702,0.158873966477,-0.128277996839,0.227795912848,0.0995179160082,0.355613691198,1.25209470165,871414,1163067,0.2103,True,MAGNETIC_RELEASE_CANDIDATE,SUCCESS
60.0,-20.0,270.0,LOCAL_M03,0.0593560504692,-0.0689219463702,0.082153953716,-0.128277996839,0.151075900086,0.0227979032468,0.000184497000524,1.72958106594,871414,1163067,0.2103,True,MAGNETIC_RELEASE_CANDIDATE,SUCCESS
60.0,-20.0,315.0,LOCAL_M03,0.0593560504692,-0.0689219463702,0.157707898497,-0.128277996839,0.226629844867,0.0983518480275,-0.355409835187,1.25170643479,871414,1163067,0.2103,True,MAGNETIC_RELEASE_CANDIDATE,SUCCESS
60.0,-20.0,360.0,LOCAL_M03,0.0593560504692,-0.0689219463702,0.342223238768,-0.128277996839,0.411145185139,0.282867188299,-0.502230365738,0.0999850588876,871414,1163067,0.2103,True,MAGNETIC_RELEASE_CANDIDATE,SUCCESS
80.0,-20.0,0.0,LOCAL_M03,-0.0185818322938,-0.146607209805,-0.0101823053383,-0.128025377511,0.136424904466,0.00839952695542,-0.152828795792,0.0878827606948,872672,1164761,0.2167,True,MAGNETIC_RELEASE_CANDIDATE,SUCCESS
80.0,-20.0,45.0,LOCAL_M03,-0.0185818322938,-0.146607209805,0.149690698284,-0.128025377511,0.296297908089,0.168272530578,-0.108105812433,-0.276654821828,872672,1164761,0.2167,True,MAGNETIC_RELEASE_CANDIDATE,SUCCESS
80.0,-20.0,90.0,LOCAL_M03,-0.0185818322938,-0.146607209805,0.215798117954,-0.128025377511,0.362405327759,0.234379950248,-0.000220098672788,-0.42746034698,872672,1164761,0.2167,True,MAGNETIC_RELEASE_CANDIDATE,SUCCESS
80.0,-20.0,135.0,LOCAL_M03,-0.0185818322938,-0.146607209805,0.149289097823,-0.128025377511,0.295896307627,0.167870930117,0.107729304929,-0.276482022009,872672,1164761,0.2167,True,MAGNETIC_RELEASE_CANDIDATE,SUCCESS
80.0,-20.0,180.0,LOCAL_M03,-0.0185818322938,-0.146607209805,-0.0107525097748,-0.128025377511,0.13585470003,0.00782932251892,0.152608406502,0.0881232795136,872672,1164761,0.2167,True,MAGNETIC_RELEASE_CANDIDATE,SUCCESS
80.0,-20.0,225.0,LOCAL_M03,-0.0185818322938,-0.146607209805,-0.170450477419,-0.128025377511,-0.0238432676144,-0.151868645125,0.108028689524,0.453062757966,872672,1164761,0.2167,True,MAGNETICALLY_HELD,SUCCESS
80.0,-20.0,270.0,LOCAL_M03,-0.0185818322938,-0.146607209805,-0.236379670606,-0.128025377511,-0.0897724608012,-0.217797838312,3.04294362374e-06,0.604275632925,872672,1164761,0.2167,True,MAGNETICALLY_HELD,SUCCESS
80.0,-20.0,315.0,LOCAL_M03,-0.0185818322938,-0.146607209805,-0.170045687216,-0.128025377511,-0.0234384774113,-0.151463854922,-0.108089627115,0.45289541315,872672,1164761,0.2167,True,MAGNETICALLY_HELD,SUCCESS
80.0,-20.0,360.0,LOCAL_M03,-0.0185818322938,-0.146607209805,-0.0101823052503,-0.128025377511,0.136424904554,0.00839952704349,-0.152828795778,0.0878827605581,872672,1164761,0.2167,True,MAGNETIC_RELEASE_CANDIDATE,SUCCESS
100.0,-20.0,0.0,LOCAL_M03,0.0917073284693,-0.0364442467997,0.0160948370212,-0.128151575269,0.0525390838209,-0.0756124914481,-0.0564104654481,0.0540072299246,872842,1164932,0.2206,True,MAGNETICALLY_HELD,SUCCESS
100.0,-20.0,45.0,LOCAL_M03,0.0917073284693,-0.0364442467997,0.107614855116,-0.128151575269,0.144059101916,0.0159075266469,-0.0396571813197,-0.0814693247499,872842,1164932,0.2206,True,MAGNETIC_RELEASE_CANDIDATE,SUCCESS
100.0,-20.0,90.0,LOCAL_M03,0.0917073284693,-0.0364442467997,0.14544590597,-0.128151575269,0.18189015277,0.053738577501,0.000293965643551,-0.137648240756,872842,1164932,0.2206,True,MAGNETIC_RELEASE_CANDIDATE,SUCCESS
100.0,-20.0,135.0,LOCAL_M03,0.0917073284693,-0.0364442467997,0.107407144393,-0.128151575269,0.143851391193,0.0156998159238,0.0400579049952,-0.0816783164206,872842,1164932,0.2206,True,MAGNETIC_RELEASE_CANDIDATE,SUCCESS
100.0,-20.0,180.0,LOCAL_M03,0.0917073284693,-0.0364442467997,0.0158002214618,-0.128151575269,0.0522444682615,-0.0759071070075,0.0563602407327,0.0537104054411,872842,1164932,0.2206,True,MAGNETICALLY_HELD,SUCCESS
100.0,-20.0,225.0,LOCAL_M03,0.0917073284693,-0.0364442467997,-0.0756928413335,-0.128151575269,-0.0392485945338,-0.167400169803,0.0396335160403,0.189266694028,872842,1164932,0.2206,True,MAGNETICALLY_HELD,SUCCESS
100.0,-20.0,270.0,LOCAL_M03,0.0917073284693,-0.0364442467997,-0.11349570835,-0.128151575269,-0.0770514615501,-0.205203036819,-0.000342760800272,0.245527131111,872842,1164932,0.2206,True,MAGNETICALLY_HELD,SUCCESS
100.0,-20.0,315.0,LOCAL_M03,0.0917073284693,-0.0364442467997,-0.0754839020556,-0.128151575269,-0.0390396552559,-0.167191230525,-0.0401332595592,0.189477472801,872842,1164932,0.2206,True,MAGNETICALLY_HELD,SUCCESS
100.0,-20.0,360.0,LOCAL_M03,0.0917073284693,-0.0364442467997,0.0160948376167,-0.128151575269,0.0525390844164,-0.0756124908526,-0.0564104652544,0.0540072274948,872842,1164932,0.2206,True,MAGNETICALLY_HELD,SUCCESS
120.0,-20.0,0.0,LOCAL_M03,0.0196974696469,-0.108446563575,-0.0846375672298,-0.128144033222,0.0238089963454,-0.104335036877,-0.0258596307547,0.0335308401749,871685,1163440,0.2123,True,MAGNETICALLY_HELD,SUCCESS
120.0,-20.0,45.0,LOCAL_M03,0.0196974696469,-0.108446563575,-0.0353293933909,-0.128144033222,0.0731171701843,-0.0550268630378,-0.0182571349464,-0.0241064909946,871685,1163440,0.2123,True,MAGNETICALLY_HELD,SUCCESS
120.0,-20.0,90.0,LOCAL_M03,0.0196974696469,-0.108446563575,-0.0149225147143,-0.128144033222,0.0935240488608,-0.0346199843612,5.88959182448e-05,-0.0480303359206,871685,1163440,0.2123,True,MAGNETICALLY_HELD,SUCCESS
120.0,-20.0,135.0,LOCAL_M03,0.0196974696469,-0.108446563575,-0.0353744611654,-0.128144033222,0.0730721024098,-0.0550719308123,0.018363172903,-0.0242376943012,871685,1163440,0.2123,True,MAGNETICALLY_HELD,SUCCESS
120.0,-20.0,180.0,LOCAL_M03,0.0196974696469,-0.108446563575,-0.0847016717182,-0.128144033222,0.023744891857,-0.104399141365,0.0259380460941,0.0333443746723,871685,1163440,0.2123,True,MAGNETICALLY_HELD,SUCCESS
120.0,-20.0,225.0,LOCAL_M03,0.0196974696469,-0.108446563575,-0.134005477393,-0.128144033222,-0.0255589138183,-0.15370294704,0.0183422639272,0.0909963337272,871685,1163440,0.2123,True,MAGNETICALLY_HELD,SUCCESS
120.0,-20.0,270.0,LOCAL_M03,0.0196974696469,-0.108446563575,-0.154407466378,-0.128144033222,-0.0459609028032,-0.174104936025,2.05853236931e-05,0.114936104555,871685,1163440,0.2123,True,MAGNETICALLY_HELD,SUCCESS
120.0,-20.0,315.0,LOCAL_M03,0.0196974696469,-0.108446563575,-0.13395988802,-0.128144033222,-0.025513324445,-0.153657357667,-0.0182904053151,0.0911288345969,871685,1163440,0.2123,True,MAGNETICALLY_HELD,SUCCESS
120.0,-20.0,360.0,LOCAL_M03,0.0196974696469,-0.108446563575,-0.0846375678236,-0.128144033222,0.0238089957516,-0.10433503747,-0.0258596307438,0.0335308444565,871685,1163440,0.2123,True,MAGNETICALLY_HELD,SUCCESS
140.0,-20.0,0.0,LOCAL_M03,0.0722860985778,-0.0558809486755,-0.0438820343547,-0.128167047253,0.0119989143207,-0.116168132932,-0.0131024077802,0.0228687837979,872877,1165044,0.2132,True,MAGNETICALLY_HELD,SUCCESS
140.0,-20.0,45.0,LOCAL_M03,0.0722860985778,-0.0558809486755,-0.0177524852381,-0.128167047253,0.0381284634374,-0.0900385838158,-0.0092671025502,-0.0034635931085,872877,1165044,0.2132,True,MAGNETICALLY_HELD,SUCCESS
140.0,-20.0,90.0,LOCAL_M03,0.0722860985778,-0.0558809486755,-0.00697343108169,-0.128167047253,0.0489075175938,-0.0792595296594,-1.53107765381e-05,-0.014369983354,872877,1165044,0.2132,True,MAGNETICALLY_HELD,SUCCESS
140.0,-20.0,135.0,LOCAL_M03,0.0722860985778,-0.0558809486755,-0.0178591618436,-0.128167047253,0.0380217868319,-0.0901452604213,0.00923409151004,-0.00346123440932,872877,1165044,0.2132,True,MAGNETICALLY_HELD,SUCCESS
140.0,-20.0,180.0,LOCAL_M03,0.0722860985778,-0.0558809486755,-0.0440329385003,-0.128167047253,0.0118480101751,-0.116319037078,0.0130637344911,0.0228720276637,872877,1165044,0.2132,True,MAGNETICALLY_HELD,SUCCESS
140.0,-20.0,225.0,LOCAL_M03,0.0722860985778,-0.0558809486755,-0.0701624519123,-0.128167047253,-0.0142815032368,-0.14244855049,0.00922956692485,0.0492038010635,872877,1165044,0.2132,True,MAGNETICALLY_HELD,SUCCESS
140.0,-20.0,270.0,LOCAL_M03,0.0722860985778,-0.0558809486755,-0.0809414128548,-0.128167047253,-0.0250604641793,-0.153227511433,-2.32123238981e-05,0.0601097174716,872877,1165044,0.2132,True,MAGNETICALLY_HELD,SUCCESS
140.0,-20.0,315.0,LOCAL_M03,0.0722860985778,-0.0558809486755,-0.070055718013,-0.128167047253,-0.0141747693375,-0.142341816591,-0.00927375237114,0.0492015734112,872877,1165044,0.2132,True,MAGNETICALLY_HELD,SUCCESS
140.0,-20.0,360.0,LOCAL_M03,0.0722860985778,-0.0558809486755,-0.043882034471,-0.128167047253,0.0119989142045,-0.116168133049,-0.0131024078332,0.0228687845371,872877,1165044,0.2132,True,MAGNETICALLY_HELD,SUCCESS
160.0,-20.0,0.0,LOCAL_M03,0.204882238465,0.0767635356065,0.0836904192867,-0.128118702858,0.00692688368015,-0.121191819178,-0.00826844823636,0.0171147535341,871490,1163220,0.2147,True,MAGNETICALLY_HELD,SUCCESS
160.0,-20.0,45.0,LOCAL_M03,0.204882238465,0.0767635356065,0.0962311813087,-0.128118702858,0.0194676457022,-0.108651057156,-0.00589622301175,0.0041577800981,871490,1163220,0.2147,True,MAGNETICALLY_HELD,SUCCESS
160.0,-20.0,90.0,LOCAL_M03,0.204882238465,0.0767635356065,0.101456267348,-0.128118702858,0.0246927317418,-0.103425971116,-7.93877936601e-05,-0.0011810065735,871490,1163220,0.2147,True,MAGNETICALLY_HELD,SUCCESS
160.0,-20.0,135.0,LOCAL_M03,0.204882238465,0.0767635356065,0.0963052999417,-0.128118702858,0.0195417643352,-0.108576938523,0.00577480246712,0.00422835259963,871490,1163220,0.2147,True,MAGNETICALLY_HELD,SUCCESS
160.0,-20.0,180.0,LOCAL_M03,0.204882238465,0.0767635356065,0.0837952528366,-0.128118702858,0.00703171723006,-0.121086985628,0.00823720934805,0.0172145889598,871490,1163220,0.2147,True,MAGNETICALLY_HELD,SUCCESS
160.0,-20.0,225.0,LOCAL_M03,0.204882238465,0.0767635356065,0.0712539359888,-0.128118702858,-0.00550959961774,-0.133628302476,0.00586521991281,0.0301679664244,871490,1163220,0.2147,True,MAGNETICALLY_HELD,SUCCESS
160.0,-20.0,270.0,LOCAL_M03,0.204882238465,0.0767635356065,0.0660282753938,-0.128118702858,-0.0107352602127,-0.138853963071,4.81466117928e-05,0.0355031133577,871490,1163220,0.2147,True,MAGNETICALLY_HELD,SUCCESS
160.0,-20.0,315.0,LOCAL_M03,0.204882238465,0.0767635356065,0.0711797978869,-0.128118702858,-0.00558373771966,-0.133702440578,-0.00580627947278,0.0300973490489,871490,1163220,0.2147,True,MAGNETICALLY_HELD,SUCCESS
160.0,-20.0,360.0,LOCAL_M03,0.204882238465,0.0767635356065,0.08369041937,-0.128118702858,0.00692688376352,-0.121191819095,-0.00826844824677,0.0171147531827,871490,1163220,0.2147,True,MAGNETICALLY_HELD,SUCCESS
