"z_sphere_mm","alpha_deg","phi_deg","mesh_level","Fx_B0_raw_mN","Fx_B1_raw_mN","Fx_B2_raw_mN","Fx_hold_corr_mN","DeltaFx_ball_mN","Fx_total_corr_mN","Fy_total_corr_mN","Fz_total_corr_mN","elements","DOF","min_quality","same_mesh_verified","release_candidate","status"
"70.0000000000","20.0000000000","0.00000000000","LOCAL_M03","0.218071051806","0.0899821354178","-0.143459788285","-0.128088916389","-0.233441923703","-0.361530840092","-0.275975679483","-0.102570239149","871852","1163645","0.220000000000","true","MAGNETICALLY_HELD","SUCCESS"
"70.0000000000","20.0000000000","45.0000000000","LOCAL_M03","0.218071051806","0.0899821354178","0.0472386055470","-0.128088916389","-0.0427435298708","-0.170832446259","-0.195209327098","-0.744343827639","871852","1163645","0.220000000000","true","MAGNETICALLY_HELD","SUCCESS"
"70.0000000000","20.0000000000","90.0000000000","LOCAL_M03","0.218071051806","0.0899821354178","0.126496213217","-0.128088916389","0.0365140777993","-0.0915748385893","-0.000197269429437","-1.00959266410","871852","1163645","0.220000000000","true","MAGNETICALLY_HELD","SUCCESS"
"70.0000000000","20.0000000000","135.000000000","LOCAL_M03","0.218071051806","0.0899821354178","0.0475465324780","-0.128088916389","-0.0424356029398","-0.170524519328","0.195074297619","-0.743605786256","871852","1163645","0.220000000000","true","MAGNETICALLY_HELD","SUCCESS"
"70.0000000000","20.0000000000","180.000000000","LOCAL_M03","0.218071051806","0.0899821354178","-0.143023949373","-0.128088916389","-0.233006084790","-0.361095001179","0.276468046675","-0.101528127708","871852","1163645","0.220000000000","true","MAGNETICALLY_HELD","SUCCESS"
"70.0000000000","20.0000000000","225.000000000","LOCAL_M03","0.218071051806","0.0899821354178","-0.333243159122","-0.128088916389","-0.423225294540","-0.551314210929","0.196055400723","0.541188142906","871852","1163645","0.220000000000","true","MAGNETICALLY_HELD","SUCCESS"
"70.0000000000","20.0000000000","270.000000000","LOCAL_M03","0.218071051806","0.0899821354178","-0.412022097686","-0.128088916389","-0.502004233104","-0.630093149493","0.000690888940396","0.807381973022","871852","1163645","0.220000000000","true","MAGNETICALLY_HELD","SUCCESS"
"70.0000000000","20.0000000000","315.000000000","LOCAL_M03","0.218071051806","0.0899821354178","-0.333551601565","-0.128088916389","-0.423533736983","-0.551622653372","-0.194934384586","0.540452416695","871852","1163645","0.220000000000","true","MAGNETICALLY_HELD","SUCCESS"
"70.0000000000","20.0000000000","360.000000000","LOCAL_M03","0.218071051806","0.0899821354178","-0.143459788019","-0.128088916389","-0.233441923437","-0.361530839826","-0.275975679439","-0.102570240985","871852","1163645","0.220000000000","true","MAGNETICALLY_HELD","SUCCESS"
"75.0000000000","20.0000000000","0.00000000000","LOCAL_M03","-0.104961209491","-0.233000216818","-0.412970053478","-0.128039007327","-0.179969836660","-0.308008843987","-0.213010334139","-0.0925011599831","871777","1163550","0.220600000000","true","MAGNETICALLY_HELD","SUCCESS"
"75.0000000000","20.0000000000","45.0000000000","LOCAL_M03","-0.104961209491","-0.233000216818","-0.239385165517","-0.128039007327","-0.00638494869926","-0.134423956026","-0.149688935609","-0.582442124151","871777","1163550","0.220600000000","true","MAGNETICALLY_HELD","SUCCESS"
"75.0000000000","20.0000000000","90.0000000000","LOCAL_M03","-0.104961209491","-0.233000216818","-0.167261658503","-0.128039007327","0.0657385583151","-0.0623004490119","0.00127319070888","-0.785513009630","871777","1163550","0.220600000000","true","MAGNETICALLY_HELD","SUCCESS"
"75.0000000000","20.0000000000","135.000000000","LOCAL_M03","-0.104961209491","-0.233000216818","-0.239055662118","-0.128039007327","-0.00605544530004","-0.134094452627","0.151598749447","-0.583198007256","871777","1163550","0.220600000000","true","MAGNETICALLY_HELD","SUCCESS"
"75.0000000000","20.0000000000","180.000000000","LOCAL_M03","-0.104961209491","-0.233000216818","-0.412510979813","-0.128039007327","-0.179510762995","-0.307549770322","0.213390292922","-0.0935801371823","871777","1163550","0.220600000000","true","MAGNETICALLY_HELD","SUCCESS"
"75.0000000000","20.0000000000","225.000000000","LOCAL_M03","-0.104961209491","-0.233000216818","-0.585812682306","-0.128039007327","-0.352812465488","-0.480851472815","0.150296902166","0.396969457272","871777","1163550","0.220600000000","true","MAGNETICALLY_HELD","SUCCESS"
"75.0000000000","20.0000000000","270.000000000","LOCAL_M03","-0.104961209491","-0.233000216818","-0.657643224233","-0.128039007327","-0.424643007415","-0.552682014742","-0.000883396055007","0.600663106672","871777","1163550","0.220600000000","true","MAGNETICALLY_HELD","SUCCESS"
"75.0000000000","20.0000000000","315.000000000","LOCAL_M03","-0.104961209491","-0.233000216818","-0.586132406783","-0.128039007327","-0.353132189965","-0.481171197292","-0.151436962599","0.397739476959","871777","1163550","0.220600000000","true","MAGNETICALLY_HELD","SUCCESS"
"75.0000000000","20.0000000000","360.000000000","LOCAL_M03","-0.104961209491","-0.233000216818","-0.412970053237","-0.128039007327","-0.179969836419","-0.308008843746","-0.213010334090","-0.0925011609216","871777","1163550","0.220600000000","true","MAGNETICALLY_HELD","SUCCESS"
"85.0000000000","20.0000000000","0.00000000000","LOCAL_M03","-0.00911037166376","-0.137164457821","-0.243313103685","-0.128054086157","-0.106148645864","-0.234202732021","-0.120061224522","-0.0772552890297","872556","1164611","0.211600000000","true","MAGNETICALLY_HELD","SUCCESS"
"85.0000000000","20.0000000000","45.0000000000","LOCAL_M03","-0.00911037166376","-0.137164457821","-0.103965151268","-0.128054086157","0.0331993065530","-0.0948547796039","-0.0848361895245","-0.361113401384","872556","1164611","0.211600000000","true","MAGNETICALLY_HELD","SUCCESS"
"85.0000000000","20.0000000000","90.0000000000","LOCAL_M03","-0.00911037166376","-0.137164457821","-0.0462402287689","-0.128054086157","0.0909242290518","-0.0371298571051","3.19726933779e-05","-0.478601501964","872556","1164611","0.211600000000","true","MAGNETICALLY_HELD","SUCCESS"
"85.0000000000","20.0000000000","135.000000000","LOCAL_M03","-0.00911037166376","-0.137164457821","-0.104029752691","-0.128054086157","0.0331347051296","-0.0949193810273","0.0848925394143","-0.361084869446","872556","1164611","0.211600000000","true","MAGNETICALLY_HELD","SUCCESS"
"85.0000000000","20.0000000000","180.000000000","LOCAL_M03","-0.00911037166376","-0.137164457821","-0.243404535269","-0.128054086157","-0.106240077448","-0.234294163605","0.120099689303","-0.0772145927643","872556","1164611","0.211600000000","true","MAGNETICALLY_HELD","SUCCESS"
"85.0000000000","20.0000000000","225.000000000","LOCAL_M03","-0.00911037166376","-0.137164457821","-0.382643778035","-0.128054086157","-0.245479320214","-0.373533406371","0.0849656553407","0.206910181380","872556","1164611","0.211600000000","true","MAGNETICALLY_HELD","SUCCESS"
"85.0000000000","20.0000000000","270.000000000","LOCAL_M03","-0.00911037166376","-0.137164457821","-0.440259891693","-0.128054086157","-0.303095433872","-0.431149520029","7.13117852096e-06","0.324664458563","872556","1164611","0.211600000000","true","MAGNETICALLY_HELD","SUCCESS"
"85.0000000000","20.0000000000","315.000000000","LOCAL_M03","-0.00911037166376","-0.137164457821","-0.382579076034","-0.128054086157","-0.245414618213","-0.373468704370","-0.0849444369897","0.206881161041","872556","1164611","0.211600000000","true","MAGNETICALLY_HELD","SUCCESS"
"85.0000000000","20.0000000000","360.000000000","LOCAL_M03","-0.00911037166376","-0.137164457821","-0.243313103907","-0.128054086157","-0.106148646086","-0.234202732243","-0.120061224470","-0.0772552885301","872556","1164611","0.211600000000","true","MAGNETICALLY_HELD","SUCCESS"
"90.0000000000","20.0000000000","0.00000000000","LOCAL_M03","-0.157965334483","-0.286168361472","-0.368108315167","-0.128203026989","-0.0819399536952","-0.210142980684","-0.0884309057605","-0.0699557892938","872619","1164672","0.211700000000","true","MAGNETICALLY_HELD","SUCCESS"
"90.0000000000","20.0000000000","45.0000000000","LOCAL_M03","-0.157965334483","-0.286168361472","-0.244702762706","-0.128203026989","0.0414655987659","-0.0867374282233","-0.0625236718270","-0.286614315622","872619","1164672","0.211700000000","true","MAGNETICALLY_HELD","SUCCESS"
"90.0000000000","20.0000000000","90.0000000000","LOCAL_M03","-0.157965334483","-0.286168361472","-0.193733405485","-0.128203026989","0.0924349559869","-0.0357680710022","-6.28712848515e-05","-0.376214400562","872619","1164672","0.211700000000","true","MAGNETICALLY_HELD","SUCCESS"
"90.0000000000","20.0000000000","135.000000000","LOCAL_M03","-0.157965334483","-0.286168361472","-0.245104830079","-0.128203026989","0.0410635313931","-0.0871394955961","0.0624044053678","-0.286393743837","872619","1164672","0.211700000000","true","MAGNETICALLY_HELD","SUCCESS"
"90.0000000000","20.0000000000","180.000000000","LOCAL_M03","-0.157965334483","-0.286168361472","-0.368675914891","-0.128203026989","-0.0825075534186","-0.210710580408","0.0883259089270","-0.0696418568940","872619","1164672","0.211700000000","true","MAGNETICALLY_HELD","SUCCESS"
"90.0000000000","20.0000000000","225.000000000","LOCAL_M03","-0.157965334483","-0.286168361472","-0.492012965611","-0.128203026989","-0.205844604139","-0.334047631128","0.0624755748482","0.147195156697","872619","1164672","0.211700000000","true","MAGNETICALLY_HELD","SUCCESS"
"90.0000000000","20.0000000000","270.000000000","LOCAL_M03","-0.157965334483","-0.286168361472","-0.542915249159","-0.128203026989","-0.256746887687","-0.384949914676","-4.40560967547e-05","0.236970908330","872619","1164672","0.211700000000","true","MAGNETICALLY_HELD","SUCCESS"
"90.0000000000","20.0000000000","315.000000000","LOCAL_M03","-0.157965334483","-0.286168361472","-0.491612326347","-0.128203026989","-0.205443964875","-0.333646991864","-0.0625682326350","0.146971764615","872619","1164672","0.211700000000","true","MAGNETICALLY_HELD","SUCCESS"
"90.0000000000","20.0000000000","360.000000000","LOCAL_M03","-0.157965334483","-0.286168361472","-0.368108315284","-0.128203026989","-0.0819399538126","-0.210142980802","-0.0884309057866","-0.0699557885824","872619","1164672","0.211700000000","true","MAGNETICALLY_HELD","SUCCESS"
